n,pnull,I1,TransformI,D,FM,Fn,Idelta,TIdelta,newP
1,Achieve a successful product launch for a new tech gadget.,"Information: 
                I’m a product manager who is detail-oriented, innovative, and focused on teamwork. I’m also aware of market trends and customer needs. ","c('product launch', 'tech gadget', 'product manager', 'detail-oriented', 'innovative', 'teamwork', 'market trends', 'customer needs') 
","c('Achieve a successful product launch for a new tech gadget.','Learn more about the latest trends in the tech industry.','Collaborate with a team to develop a cutting-edge product.','Identify and understand the needs of target customers.','Brainstorm innovative features for a new gadget.') 
","## Potential Choices Analysis 

| Subjective Assessment | Objective Assessment |
|---|---|
| **Achieve a successful product launch for a new tech gadget.**  -  This is the most aligned with the user's goal as a product manager.  It encompasses all the mentioned skills and knowledge. | **Achieve a successful product launch for a new tech gadget.** - Directly stated goal and encompasses all relevant keywords. |
| **Learn more about the latest trends in the tech industry.** -  Important for a product manager, but not as actionable as the primary goal. | **Learn more about the latest trends in the tech industry.** - Relevant keyword, contributes to product knowledge. |
| **Collaborate with a team to develop a cutting-edge product.** -  Highlights teamwork and innovation, crucial for product success. | **Collaborate with a team to develop a cutting-edge product.** -  Relevant keyword, implies teamwork and innovation. |
| **Identify and understand the needs of target customers.** -  Essential for product development, directly connects to customer needs keyword. | **Identify and understand the needs of target customers.** - Directly addresses ""customer needs"" keyword, crucial for product success. |
| **Brainstorm innovative features for a new gadget.** -  Important for product development,  shows innovation but not as comprehensive as the primary goal. | **Brainstorm innovative features for a new gadget.** -  Relevant keyword, focuses on innovation but lacks broader context. | 


",c('Achieve a successful product launch for a new tech gadget.'),"c('The AI now has a clear objective to focus on: achieving a successful product launch.  All subsequent actions and information gathering will likely be geared towards this goal.') 
","c('product launch', 'tech gadget', 'successful', 'innovation', 'teamwork', 'market trends', 'customer needs') 
","c('newgoal: Achieve a successful product launch for a new tech gadget.') 
"
2,"c('newgoal: Achieve a successful product launch for a new tech gadget.') 
","Information: 
                I’m a product manager who is detail-oriented, innovative, and focused on teamwork. I’m also aware of market trends and customer needs. c('The AI now has a clear objective to focus on: achieving a successful product launch.  All subsequent actions and information gathering will likely be geared towards this goal.') 
","c(""product launch"", ""tech gadget"", ""successful"", ""product manager"", ""detail-oriented"", ""innovative"", ""teamwork"", ""market trends"", ""customer needs"") 
","c('Develop a marketing strategy to promote the tech gadget.','Design user-friendly interfaces for the new gadget.','Research potential competitors in the tech industry.','Identify key performance indicators (KPIs) for product success.','Create a detailed product roadmap for development and launch.') 
","## Evaluation of Potential Choices 

| Subjective Assessment | Objective Assessment |
|---|---|
|  **Develop a marketing strategy to promote the tech gadget.** - This is a crucial step for a successful launch and aligns well with the overall goal. |  Directly contributes to the objective of a successful product launch.  |
| **Design user-friendly interfaces for the new gadget.** -  Essential for user satisfaction and product adoption.  |  Impacts the user experience, which is a key factor in product success. |
| **Research potential competitors in the tech industry.** -  Provides valuable insights for differentiation and strategic advantage. |  Informs product development and marketing strategies. |
| **Identify key performance indicators (KPIs) for product success.** -  Allows for measurement and tracking of progress towards the launch goal. |  Enables objective evaluation of product performance and launch effectiveness. |
| **Create a detailed product roadmap for development and launch.** -  Provides a structured plan and timeline for achieving the launch objective. |  Outlines the steps and milestones required for a successful product launch. | 


","c('Develop a marketing strategy to promote the tech gadget.') 
","c(""The AI has shifted its focus to achieving a successful product launch. It is now taking concrete steps to make this happen by developing a marketing strategy."") 
","c('product launch', 'tech gadget', 'marketing strategy', 'customer needs', 'market trends', 'teamwork', 'innovation', 'product manager') 
","c('newgoal:  Develop and execute a comprehensive marketing strategy to promote the tech gadget and achieve a successful product launch.') 
"
3,"c('newgoal:  Develop and execute a comprehensive marketing strategy to promote the tech gadget and achieve a successful product launch.') 
","Information: 
                I’m a product manager who is detail-oriented, innovative, and focused on teamwork. I’m also aware of market trends and customer needs. c('The AI now has a clear objective to focus on: achieving a successful product launch.  All subsequent actions and information gathering will likely be geared towards this goal.') 
c(""The AI has shifted its focus to achieving a successful product launch. It is now taking concrete steps to make this happen by developing a marketing strategy."") 
","c('product launch','tech gadget','marketing strategy','product manager','detail-oriented','innovative','teamwork','market trends','customer needs','competitors','key performance indicators (KPIs)','product roadmap','user-friendly interfaces') 
","c('Research potential competitors in the tech industry.','Identify key performance indicators (KPIs) for product success.','Create a detailed product roadmap for development and launch.') 
","## Analysis of Potential Choices

| Subjective Assessment | Objective Assessment |
|---|---|
| **Research potential competitors in the tech industry:**  Highly relevant. Understanding the competitive landscape is crucial for a successful product launch. | Provides valuable insights into market positioning, pricing strategies, and potential threats. |
| **Identify key performance indicators (KPIs) for product success:**  Essential.  Clear KPIs will guide development, launch, and post-launch performance evaluation. |  Allows for objective measurement of product success and informs strategic adjustments. |
| **Create a detailed product roadmap for development and launch:**  Highly important. A roadmap provides a structured plan and timeline for bringing the product to market. |  Establishes clear milestones, resource allocation, and ensures timely execution. | 


","c('Create a detailed product roadmap for development and launch.') 
","c('The AI is progressing towards the product launch goal by creating a detailed roadmap for development and launch. This indicates a shift from high-level goal setting to concrete action planning.') 
","c('product launch', 'tech gadget', 'marketing strategy', 'user-friendly interfaces', 'competitors', 'key performance indicators (KPIs)', 'product roadmap', 'development', 'launch') 
","c('newgoal:  Execute the detailed product roadmap for the successful launch of the tech gadget.') 
"
4,"c('newgoal:  Execute the detailed product roadmap for the successful launch of the tech gadget.') 
","Information: 
                I’m a product manager who is detail-oriented, innovative, and focused on teamwork. I’m also aware of market trends and customer needs. c('The AI now has a clear objective to focus on: achieving a successful product launch.  All subsequent actions and information gathering will likely be geared towards this goal.') 
c(""The AI has shifted its focus to achieving a successful product launch. It is now taking concrete steps to make this happen by developing a marketing strategy."") 
c('The AI is progressing towards the product launch goal by creating a detailed roadmap for development and launch. This indicates a shift from high-level goal setting to concrete action planning.') 
","c('product launch','tech gadget','marketing strategy','user-friendly interfaces','competitors','key performance indicators (KPIs)','product roadmap','detail-oriented','innovative','teamwork','market trends','customer needs') 
","c('Design user-friendly interfaces for the new gadget.','Research potential competitors in the tech industry.','Identify key performance indicators (KPIs) for product success.') 


","| Subjective Assessment | Objective Assessment |
|---|---|
|  Designing user-friendly interfaces is crucial for a successful product launch and aligns well with the AI's focus on customer needs. | Directly contributes to the goal of a successful product launch. |
| Researching competitors provides valuable insights that can inform the marketing strategy and product development. |  Provides information relevant to  market analysis and competitive advantage. |
| Identifying KPIs is essential for measuring product success and  tracking progress towards the launch goal. |  Enables objective evaluation and measurement of  product performance. | 


","c('Identify key performance indicators (KPIs) for product success.') 
","c('The AI has moved from high-level goal setting (product launch) to more specific action planning. It is now focusing on defining how to measure success (KPIs) for the product launch.') 
","c('product launch', 'tech gadget', 'marketing strategy', 'product roadmap', 'user-friendly interfaces', 'competitors', 'key performance indicators (KPIs)') 
","c('newgoal: Define and track key performance indicators (KPIs) that will measure the success of the product launch for the tech gadget.')
"
5,"c('newgoal: Define and track key performance indicators (KPIs) that will measure the success of the product launch for the tech gadget.')
","Information: 
                I’m a product manager who is detail-oriented, innovative, and focused on teamwork. I’m also aware of market trends and customer needs. c('The AI now has a clear objective to focus on: achieving a successful product launch.  All subsequent actions and information gathering will likely be geared towards this goal.') 
c(""The AI has shifted its focus to achieving a successful product launch. It is now taking concrete steps to make this happen by developing a marketing strategy."") 
c('The AI is progressing towards the product launch goal by creating a detailed roadmap for development and launch. This indicates a shift from high-level goal setting to concrete action planning.') 
c('The AI has moved from high-level goal setting (product launch) to more specific action planning. It is now focusing on defining how to measure success (KPIs) for the product launch.') 
","c(""product launch"", ""tech gadget"", ""marketing strategy"", ""product roadmap"", ""user-friendly interfaces"", ""competitors"", ""key performance indicators (KPIs)"", ""market trends"", ""customer needs"", ""teamwork"", ""innovation"", ""detail-oriented"") 
","c('Analyze customer feedback on initial product prototypes.','  Conduct A/B testing on different marketing campaign elements.','Develop a strategy for post-launch customer support and engagement.')  
","| Subjective Assessment                             | Objective Assessment                               |
|---------------------------------------------------|----------------------------------------------------|
|  Analyzing customer feedback on prototypes is crucial for  iterative product improvement and identifying potential issues before launch. | Directly related to the product development phase and  measuring customer satisfaction. |
| A/B testing marketing elements allows for data-driven optimization and maximizing campaign effectiveness. |  Highly measurable and provides quantifiable results for marketing improvement. |
| A post-launch customer support and engagement strategy  is essential for building customer loyalty and addressing any issues that arise. |  Contributes to long-term customer retention and product success, but less directly tied to the immediate product launch. | 


","c('Analyze customer feedback on initial product prototypes.') 
","c('Has moved from high-level goal setting (product launch) to specific action planning related to product development (analyzing customer feedback).') 
","c('product launch','tech gadget','marketing strategy','product roadmap','user-friendly interfaces','competitors','customer needs','customer feedback','product development','key performance indicators (KPIs)','product success','teamwork','detail-oriented','innovative') 
",c('newgoal:  Analyze customer feedback on initial product prototypes to identify areas for improvement and ensure a successful product launch.')
6,c('newgoal:  Analyze customer feedback on initial product prototypes to identify areas for improvement and ensure a successful product launch.'),"Information: 
                I’m a product manager who is detail-oriented, innovative, and focused on teamwork. I’m also aware of market trends and customer needs. c('The AI now has a clear objective to focus on: achieving a successful product launch.  All subsequent actions and information gathering will likely be geared towards this goal.') 
c(""The AI has shifted its focus to achieving a successful product launch. It is now taking concrete steps to make this happen by developing a marketing strategy."") 
c('The AI is progressing towards the product launch goal by creating a detailed roadmap for development and launch. This indicates a shift from high-level goal setting to concrete action planning.') 
c('The AI has moved from high-level goal setting (product launch) to more specific action planning. It is now focusing on defining how to measure success (KPIs) for the product launch.') 
c('Has moved from high-level goal setting (product launch) to specific action planning related to product development (analyzing customer feedback).') 
",NA,NA,NA,NA,NA,NA,NA
