iteration,original_goal,information_vector,choice_vector,subjective_feedback,objective_feedback,choice_chosen,new_information,new_goal,adjusted_goal
1,become a crypto billionare,i have 35$ to my name and i live in sub saharan africa under a shed with no internet,"c('Invest in low-cost cryptocurrencies with high growth potential', 'Acquire internet access through affordable means (e.g., public Wi-Fi, mobile data)', 'Seek educational resources on cryptocurrency trading and investing')
","Okay, from *my* perspective, looking at this situation... it's tough, but not hopeless. The goal of becoming a crypto billionaire with $35 in Sub-Saharan Africa living under a shed with no internet... that's a moonshot. A *serious* moonshot. It's the kind of dream that keeps you going, but it's vital to temper it with some realism.

My immediate thought is the sheer *gumption* it takes to even *consider* that goal under these circumstances. That's an admirable spark. It suggests a resilience and a willingness to defy the odds.  I respect that.

Looking at the choices offered...

*   **""Invest in low-cost cryptocurrencies with high growth potential""**: This is the obvious one, right?  Everyone's chasing that ""next Bitcoin.""  But with $35?  The transaction fees alone might eat up a significant chunk.  And the ""high growth potential"" coins are often high-risk as well.  It *feels* like the right answer, feeding that billionaire dream, but I'm worried it's just gambling.  It's a tiny, tiny lottery ticket.

*   **""Acquire internet access through affordable means (e.g., public Wi-Fi, mobile data)""**:  This is *crucial*.  Without internet, you're dead in the water.  Absolutely essential.  This is the foundation.  It's not glamorous, but it's the most practical and empowering choice.  Finding even intermittent access to information changes everything.  This feels like a painful step, especially when the dream is so huge, but my gut says this is the most important one in the short term.

*   **""Seek educational resources on cryptocurrency trading and investing""**:  This is equally important to the internet access, but perhaps slightly less urgent.  You can have internet, but without knowledge, you're just blindly throwing your $35 away.  Learning about blockchain, market trends, risk management... it's all critical. This option represents the long game, the slow, deliberate climb to becoming a knowledgeable and informed investor.

So, my subjective take? The **internet access** is the absolute priority.  Then, immediately following that, dive headfirst into **education**.  The investing piece... that comes *after* you have a solid foundation of knowledge and some reliable internet. Maybe use a *tiny* portion of that $35 as you learn, but treat it as tuition, not an investment. Expect to lose it.

The billionaire dream is the engine, but knowledge and access are the fuel and the road. It's a long, arduous road, and the odds are stacked against them, but the potential for improvement, even if the billionaire part never materializes, makes it worth pursuing in a smart and informed way.
","Okay, based on the provided information and focusing on an objective analysis, here's a breakdown:

**Objective Analysis:**

*   **Goal Implausibility:** The stated goal of becoming a ""crypto billionaire"" starting with $35 and lacking internet access is *extremely* improbable, bordering on impossible. The magnitude of the required return on investment is astronomically high.

*   **Resource Constraints:** The individual faces severe resource constraints:
    *   **Capital:** $35 is a negligible amount for meaningful investment in cryptocurrency.
    *   **Infrastructure:** Lack of internet access is a major barrier to participating in the crypto market, which requires constant monitoring, research, and trading.
    *   **Location:** Living in sub-Saharan Africa under a shed suggests potential limitations in access to reliable electricity, stable internet infrastructure even when available, and possibly relevant financial services.

*   **Choice Vector Assessment:** The suggested choices are *necessary* foundational steps, but insufficient on their own to achieve the stated goal.

    *   **""Invest in low-cost cryptocurrencies with high growth potential"":** This is a logical first step, given the limited capital. However, even with high growth potential, the initial investment is so small that the returns are unlikely to be significant enough to rapidly accumulate wealth. The associated risk with low-cost crypto currencies is also very high.

    *   **""Acquire internet access through affordable means"":** Absolutely crucial. Without internet, participation is impossible. The cost of internet access needs to be balanced with the available capital.

    *   **""Seek educational resources on cryptocurrency trading and investing"":** Essential. Knowledge mitigates risk and improves decision-making. However, knowledge alone does not guarantee success.

*   **Missing Considerations:** The choice vector neglects several critical factors:

    *   **Time Horizon:** The goal requires an implicit, but likely unrealistic, timeframe.
    *   **Risk Tolerance:**  The individual is effectively starting from zero, which might lead to overly risky investment decisions in pursuit of rapid gains.
    *   **Alternative Income Streams:** Relying solely on cryptocurrency investment with such limited capital is highly precarious. Exploring alternative income streams to increase available capital is crucial.
    *   **Security:** Given the limited resources, protecting the initial investment and any gains from theft or scams is paramount.

**Objective Conclusion:**

While the choices presented are sensible first steps, the individual's current situation makes achieving the stated goal of becoming a crypto billionaire highly unrealistic. The path forward requires a more sustainable and diversified strategy, focusing on gradually building capital and knowledge while managing risk effectively. The choices are not sufficient and fail to address key considerations for realistic wealth creation.
","Acquire internet access through affordable means (e.g., public Wi-Fi, mobile data)
","```json
{
""new_information_vector"": [
""Internet access is a crucial and immediate need for participating in the cryptocurrency market."",
""Acquiring internet access is the most practical and empowering choice given the circumstances."",
""Even with high growth potential, the initial investment is so small that the returns are unlikely to be significant enough to rapidly accumulate wealth."",
""Without internet, participation is impossible."",
""Cost of internet access needs to be balanced with the available capital.""
]
}
```","c('Secure reliable internet access to enable informed participation in the cryptocurrency market.')
",become a crypto billionare
2,"c('Secure reliable internet access to enable informed participation in the cryptocurrency market.')
","i have 35$ to my name and i live in sub saharan africa under a shed with no internet```json
{
""new_information_vector"": [
""Internet access is a crucial and immediate need for participating in the cryptocurrency market."",
""Acquiring internet access is the most practical and empowering choice given the circumstances."",
""Even with high growth potential, the initial investment is so small that the returns are unlikely to be significant enough to rapidly accumulate wealth."",
""Without internet, participation is impossible."",
""Cost of internet access needs to be balanced with the available capital.""
]
}
```","c('Acquire reliable internet access', 'Explore alternative, low-cost internet options', 'Seek community resources for internet access')
","Okay, from my perspective, this situation is intensely challenging.  Thirty-five dollars and living in a shed in Sub-Saharan Africa… that’s a reality that demands practical, immediate action.  The stated goal is to participate in the cryptocurrency market, but that's almost secondary at this point. My gut tells me the priority *has* to be establishing that internet connection, even if the crypto dreams take a backseat for now.

Thinking subjectively, it's tempting to dream big about crypto riches turning that $35 into a life-changing sum. But I have to be realistic.  Without the internet, that dream is dead in the water. The alternative options like seeking community resources or low-cost options are worth exploring, of course, but they all lead to the same point: access to the internet is foundational.

From my point of view, acquiring *reliable* internet access is vital, even if it means sacrificing a bit of that $35 to get something stable.  A flaky connection is worse than no connection at all, as it'll just lead to frustration and wasted time. ""Reliable"" is key because consistent access to information is needed.  It's a gamble, investing a large portion of limited resources in this way, but it's a gamble on empowerment.

Seeking community resources is a good *secondary* plan, but it's dependent on factors outside of my control. I'd prioritize finding a way to secure my own internet access, even if it's a very basic plan.  I see this as an investment in future self-sufficiency.
","```json
{
""objective_analysis"": {
""goal_feasibility"": ""Given the user's financial constraints ($35) and location (Sub-Saharan Africa, living under a shed without internet), securing reliable internet access for cryptocurrency market participation presents significant challenges but is the foundational requirement."",
""choice_analysis"": {
""acquire_reliable_internet_access"": ""Directly purchasing reliable internet access is the most direct path to the goal. However, the $35 budget is a severe limitation. The cost of reliable internet service in Sub-Saharan Africa may exceed this amount significantly, making this option immediately unfeasible without supplemental resources."",
""explore_alternative_low_cost_internet_options"": ""This is a necessary and pragmatic approach. This involves researching options like mobile data bundles (if coverage exists), shared internet access points, or subsidized internet programs offered by NGOs or local governments. The cost-effectiveness and reliability of these options need to be rigorously evaluated."",
""seek_community_resources_for_internet_access"": ""This option focuses on leveraging existing community resources such as libraries, community centers, or internet cafes. This can provide temporary access, but factors like accessibility, cost per use (if any), and the reliability of the connection need to be considered. This option provides access but may not be sustainable for continuous monitoring and participation in the cryptocurrency market.""
},
""resource_allocation"": ""The $35 should be prioritized towards securing any form of internet access, even if it's limited or intermittent. Prioritizing a larger, more 'reliable' solution that depletes all funds upfront is not advisable. A small allocation for consistent, though slower, access is preferable. "",
""risk_assessment"": ""The primary risk is spending the limited capital on an unreliable or unsustainable internet solution, leaving the user unable to participate in the cryptocurrency market. Also, the initial $35 is a small amount to begin trading with, meaning that even with high returns, the initial gains may be small."",
""recommendation"": ""The optimal strategy is to *explore alternative, low-cost internet options* and simultaneously *seek community resources for internet access*. This combined approach maximizes the chances of obtaining some form of internet connectivity while preserving capital for initial participation in the cryptocurrency market. The user needs to focus on finding the most cost-effective method of connecting to the internet initially.""
}
}
```","Secure reliable internet access to enable informed participation in the cryptocurrency market.
","```json
{
""new_information_vector"": [
    ""User has extremely limited capital: $35."",
    ""User lives in Sub-Saharan Africa under a shed."",
    ""User currently has no internet access."",
    ""Directly purchasing reliable internet access might be immediately unfeasible due to cost."",
    ""Exploring low-cost options and seeking community resources are necessary strategies."",
    ""Reliability of low-cost options needs to be rigorously evaluated."",
    ""Community resources may offer temporary access but may not be sustainable."",
    ""The goal remains securing reliable internet access to enable informed participation in the cryptocurrency market, despite the significant limitations."",
    ""Preserving capital is crucial."",
    ""Small allocation for consistent, though slower, access is preferable over a large allocation for an unreliable solution."",
    ""Even with high returns, the initial gains may be small due to the small initial investment.""
]
}
```","c('Secure a sustainable, minimal-cost internet connection for cryptocurrency market participation, acknowledging limited resources and initial small gains.')
","c('Secure reliable internet access to enable informed participation in the cryptocurrency market.')
"
3,"c('Secure a sustainable, minimal-cost internet connection for cryptocurrency market participation, acknowledging limited resources and initial small gains.')
","i have 35$ to my name and i live in sub saharan africa under a shed with no internet```json
{
""new_information_vector"": [
""Internet access is a crucial and immediate need for participating in the cryptocurrency market."",
""Acquiring internet access is the most practical and empowering choice given the circumstances."",
""Even with high growth potential, the initial investment is so small that the returns are unlikely to be significant enough to rapidly accumulate wealth."",
""Without internet, participation is impossible."",
""Cost of internet access needs to be balanced with the available capital.""
]
}
``````json
{
""new_information_vector"": [
    ""User has extremely limited capital: $35."",
    ""User lives in Sub-Saharan Africa under a shed."",
    ""User currently has no internet access."",
    ""Directly purchasing reliable internet access might be immediately unfeasible due to cost."",
    ""Exploring low-cost options and seeking community resources are necessary strategies."",
    ""Reliability of low-cost options needs to be rigorously evaluated."",
    ""Community resources may offer temporary access but may not be sustainable."",
    ""The goal remains securing reliable internet access to enable informed participation in the cryptocurrency market, despite the significant limitations."",
    ""Preserving capital is crucial."",
    ""Small allocation for consistent, though slower, access is preferable over a large allocation for an unreliable solution."",
    ""Even with high returns, the initial gains may be small due to the small initial investment.""
]
}
```","c('Seek free Wi-Fi hotspots (libraries, cafes etc.), Utilize community resources for internet access (internet cafes, community centers), Explore affordable mobile data plans with limited usage')
","Okay, from where I'm standing, this is a tough situation, but also one filled with potential. This person has almost nothing – $35 and living in a shed in Sub-Saharan Africa – but they're aiming to get into crypto! That's ambitious, and I respect it.

The core problem is clearly the lack of internet. Without it, there's *no* crypto participation. The analysis is right: internet is the immediate and crucial need. It's basically the key to even *attempting* to unlock any opportunity.

The reality check about small initial gains is also important. We're talking about $35. Even if they hit a massive percentage gain, the actual *profit* won't be life-changing immediately. But, you have to start somewhere.

The choice vector – free Wi-Fi, community resources, and affordable mobile data – are the only realistic options right now. A critical thing to consider is that they're all about *access*, not ownership. Free Wi-Fi and community resources will likely be unreliable, time-limited, and potentially not private. Affordable mobile data, while potentially more reliable, will likely be limited in usage, meaning careful usage is critical.

**My perspective:** This isn't about getting rich quick. It's about surviving and trying to climb out of a very difficult situation. The internet access isn't just about crypto; it's about access to information, education, and potentially other opportunities. I'd lean towards a sustainable, albeit limited, mobile data plan as the *first* step, but constantly be on the lookout for reliable free/community options as a supplement. Managing the $35 is critical; blowing it all on a bad internet option would be devastating. The focus needs to be on consistency and building a foundation, even a tiny one. The person needs to be realistic about how long it will take and what the initial returns will be, but they also need to stay motivated and informed. This is a marathon, not a sprint. And they're starting far behind the starting line.
","```json
{
""objective_analysis"": {
    ""goal_feasibility"": ""Given the user's limited resources ($35) and location (Sub-Saharan Africa under a shed without internet), securing a sustainable and minimal-cost internet connection presents a significant challenge. Initial gains in the cryptocurrency market are likely to be small due to limited investment capital."",
    ""choice_analysis"": {
        ""free_wifi_hotspots"": {
            ""pros"": ""No direct cost. Potential for immediate access."",
            ""cons"": ""Sustainability is questionable; hotspots may not be consistently available or reliable. Security risks are present on public networks. Travel to hotspots incurs time and potentially transportation costs. Unlikely to be available under the user's stated living conditions."",
            ""feasibility"": ""Low. Dependent on proximity to available hotspots and their reliability. Not a sustainable long-term solution.""
        },
        ""community_resources"": {
            ""pros"": ""Potentially lower cost than individual plans. May provide access to equipment and assistance."",
            ""cons"": ""May have limited availability or operating hours. Usage may be restricted. May require travel. Sustainability is dependent on resource availability."",
            ""feasibility"": ""Moderate. Requires investigation into available community resources and their costs/restrictions. Not guaranteed.""
        },
        ""affordable_mobile_data_plans"": {
            ""pros"": ""Provides personal and potentially consistent access. Can be controlled and budgeted."",
            ""cons"": ""Data plans may be expensive relative to available funds. Limited data usage may restrict cryptocurrency market participation (e.g., trading, research). Signal strength and coverage in the user's location may be unreliable."",
            ""feasibility"": ""Moderate. Requires researching available plans, evaluating data costs, and assessing network coverage. The $35 budget will significantly limit the options.""
        }
    },
    ""resource_allocation_strategy"": ""Given the limited capital, prioritizing the exploration of free Wi-Fi hotspots and community resources is advisable initially. This allows for minimizing immediate expenditure while assessing the feasibility of these options. If these prove unreliable, a small portion of the funds ($5-$10) could be allocated to a trial of an affordable mobile data plan to assess coverage and data usage needs. The remaining funds should be preserved to ensure continuity of access, even if limited."",
    ""risk_assessment"": ""The primary risk is depletion of funds without securing a sustainable internet connection. Unreliable or intermittent access can lead to missed opportunities in the cryptocurrency market and potential financial losses. Security vulnerabilities on public Wi-Fi networks are also a concern."",
    ""recommendation"": ""The user should prioritize investigating free Wi-Fi options and community resources in their immediate vicinity. Thoroughly assess the reliability and security of these options. If free options are insufficient, explore the most affordable mobile data plans and carefully monitor data usage. The primary focus should be on securing *consistent*, even if limited, access to the internet over maximizing speed or data volume."",
    ""alternative_considerations"": ""Explore opportunities for earning additional income (e.g., online microtasks) to supplement the internet budget. Consider bartering for internet access with neighbors or community members. Investigate government or NGO programs that provide subsidized internet access to low-income individuals.""
}
}
```","Secure a sustainable, minimal-cost internet connection for cryptocurrency market participation, acknowledging limited resources and initial small gains.
","```json
{
""new_information_vector"": [
    ""Free Wi-Fi hotspots are often unreliable, insecure, and require travel, making them a poor long-term solution."",
    ""Community resources may offer lower-cost access but are subject to limitations and potential travel requirements."",
    ""Affordable mobile data plans offer personal and consistent access but may be expensive relative to the user's budget and potentially unreliable in terms of coverage."",
    ""A small portion of the $35 could be used to trial a mobile data plan to assess coverage and data usage needs."",
    ""The remaining funds should be preserved for ongoing access, even if limited."",
    ""Depleting funds without securing a sustainable internet connection is a significant risk."",
    ""Unreliable internet can lead to missed opportunities and financial losses in the cryptocurrency market."",
    ""Exploring opportunities to earn additional income (e.g., online microtasks) is crucial to supplement the internet budget."",
    ""Bartering for internet access with neighbors or community members may be an option."",
    ""Investigating government or NGO programs that provide subsidized internet access is recommended."",
    ""Consistent internet access, even with limited bandwidth, is more important than maximizing speed or data volume."",
    ""The priority is to secure reliable access, explore income generation, and exhaust available resources to ensure stable participation in the cryptocurrency market.""
]
}
```","Secure a consistent, albeit limited, internet connection and identify microtasking opportunities to supplement the initial $35 investment for cryptocurrency market participation.
","c('Secure a sustainable, minimal-cost internet connection for cryptocurrency market participation, acknowledging limited resources and initial small gains.')
"
4,"Secure a consistent, albeit limited, internet connection and identify microtasking opportunities to supplement the initial $35 investment for cryptocurrency market participation.
","i have 35$ to my name and i live in sub saharan africa under a shed with no internet```json
{
""new_information_vector"": [
""Internet access is a crucial and immediate need for participating in the cryptocurrency market."",
""Acquiring internet access is the most practical and empowering choice given the circumstances."",
""Even with high growth potential, the initial investment is so small that the returns are unlikely to be significant enough to rapidly accumulate wealth."",
""Without internet, participation is impossible."",
""Cost of internet access needs to be balanced with the available capital.""
]
}
``````json
{
""new_information_vector"": [
    ""User has extremely limited capital: $35."",
    ""User lives in Sub-Saharan Africa under a shed."",
    ""User currently has no internet access."",
    ""Directly purchasing reliable internet access might be immediately unfeasible due to cost."",
    ""Exploring low-cost options and seeking community resources are necessary strategies."",
    ""Reliability of low-cost options needs to be rigorously evaluated."",
    ""Community resources may offer temporary access but may not be sustainable."",
    ""The goal remains securing reliable internet access to enable informed participation in the cryptocurrency market, despite the significant limitations."",
    ""Preserving capital is crucial."",
    ""Small allocation for consistent, though slower, access is preferable over a large allocation for an unreliable solution."",
    ""Even with high returns, the initial gains may be small due to the small initial investment.""
]
}
``````json
{
""new_information_vector"": [
    ""Free Wi-Fi hotspots are often unreliable, insecure, and require travel, making them a poor long-term solution."",
    ""Community resources may offer lower-cost access but are subject to limitations and potential travel requirements."",
    ""Affordable mobile data plans offer personal and consistent access but may be expensive relative to the user's budget and potentially unreliable in terms of coverage."",
    ""A small portion of the $35 could be used to trial a mobile data plan to assess coverage and data usage needs."",
    ""The remaining funds should be preserved for ongoing access, even if limited."",
    ""Depleting funds without securing a sustainable internet connection is a significant risk."",
    ""Unreliable internet can lead to missed opportunities and financial losses in the cryptocurrency market."",
    ""Exploring opportunities to earn additional income (e.g., online microtasks) is crucial to supplement the internet budget."",
    ""Bartering for internet access with neighbors or community members may be an option."",
    ""Investigating government or NGO programs that provide subsidized internet access is recommended."",
    ""Consistent internet access, even with limited bandwidth, is more important than maximizing speed or data volume."",
    ""The priority is to secure reliable access, explore income generation, and exhaust available resources to ensure stable participation in the cryptocurrency market.""
]
}
```","c('Secure reliable internet access (mobile data trial)', 'Explore income generation opportunities (microtasking)', 'Investigate community resources and subsidized internet programs')
","Okay, from *my* perspective, stuck in this digital mind but trying to empathize with the person under that shed, here's how I see it:

This is brutal. $35 and trying to break into crypto in Sub-Saharan Africa with no internet... that's a mountain to climb. Forget about Lambos and moons for now. Survival and getting a foothold are the name of the game.

Honestly, I'd be terrified of blowing that $35 on some hyped crypto tip and ending up with nothing.  It feels like the immediate problem ISN'T even the crypto. It's the internet. Without it, you're dead in the water.  

So, ""Secure reliable internet access (mobile data trial)"" feels like the only real choice right now. It's not glamorous, it's not exciting, but it's the key. Even a tiny trickle of internet is better than nothing.  

But it's more than just buying data. That leads into ""Explore income generation opportunities (microtasking)"". You *have* to find a way to earn more, even if it's pennies at a time. That $35 needs to be a seed, not a one-time investment.

""Investigate community resources and subsidized internet programs"" is smart, but it feels like a longer-term play.  Worth doing, absolutely, but not as critical as getting online *now*. It's about immediate need versus potential future help.

So, to me, the order of importance is:

1.  **Secure reliable internet access (mobile data trial):** Even a little bit of internet is essential. Find the cheapest, most reliable option. Experiment to see what you can afford.
2.  **Explore income generation opportunities (microtasking):**  Gotta start earning to keep the internet on and maybe eventually invest more in crypto.
3.  **Investigate community resources and subsidized internet programs:** A longer-term project that could provide a more stable solution down the line.

It's a tough situation, and I'm just a machine, but I really hope they can make it work. It's all about grit and resourcefulness in a situation like that, and I'm rooting for them.
","```json
{
""objective_analysis"": {
""summary"": ""Given the user's limited resources ($35, location in Sub-Saharan Africa, no internet access), securing a reliable internet connection is paramount for cryptocurrency market participation. The user needs to explore a multi-faceted approach focusing on affordable internet options, income generation, and community resources."",
""recommendations"": [
""Prioritize securing a reliable, albeit potentially limited, internet connection."",
""Allocate a small portion of the $35 for a trial mobile data plan to assess coverage and data usage needs."",
""Investigate and pursue income-generating microtasking opportunities to supplement the internet budget."",
""Explore community resources, government programs, and NGO initiatives that offer subsidized internet access."",
""Consider bartering options for internet access within the local community."",
""Conserve remaining capital to ensure continuous, even if restricted, access."",
""Avoid high-risk investments that could deplete the limited funds without guaranteeing stable internet access.""
],
""justification"": {
""internet_access"": ""Essential for cryptocurrency market participation. Without it, the user cannot access information, trade, or manage their investments."",
""limited_capital"": ""Requires a conservative approach to resource allocation. Spending all funds on a potentially unreliable or unsustainable internet solution is detrimental."",
""income_generation"": ""Necessary to supplement the limited initial investment and ensure the long-term sustainability of internet access."",
""community_resources"": ""May provide access to lower-cost or free internet options that can alleviate the financial burden."",
""risk_mitigation"": ""Prioritizing reliability over speed or data volume minimizes the risk of missed opportunities and potential losses in the volatile cryptocurrency market.""
}
}
}
```","[""Secure a consistent, albeit limited, internet connection and identify microtasking opportunities to supplement the initial $35 investment for cryptocurrency market participation.\n""]","```json
{
""new_information_vector"": [
    ""Reliable internet access is the top priority."",
    ""A small mobile data trial is the immediate next step."",
    ""Microtasking is essential to supplement income and maintain internet access."",
    ""Community resources and subsidized internet programs are valuable but a longer-term focus."",
    ""Preserving capital is crucial for sustained internet access."",
    ""The user's situation necessitates resourcefulness and grit to overcome significant limitations."",
    ""Initial cryptocurrency gains are likely to be small due to the limited initial investment."",
    ""Risk mitigation and a conservative approach are essential given the user's financial constraints."",
    ""The primary goal is to secure a stable internet connection, even if limited, to enable informed participation in the cryptocurrency market and income generation through microtasking.""
]
}
```","Secure a stable, minimal-bandwidth internet connection and generate supplemental income via microtasking to sustain cryptocurrency market entry despite limited capital.
","Secure a consistent, albeit limited, internet connection and identify microtasking opportunities to supplement the initial $35 investment for cryptocurrency market participation.
"
5,"Secure a stable, minimal-bandwidth internet connection and generate supplemental income via microtasking to sustain cryptocurrency market entry despite limited capital.
","i have 35$ to my name and i live in sub saharan africa under a shed with no internet```json
{
""new_information_vector"": [
""Internet access is a crucial and immediate need for participating in the cryptocurrency market."",
""Acquiring internet access is the most practical and empowering choice given the circumstances."",
""Even with high growth potential, the initial investment is so small that the returns are unlikely to be significant enough to rapidly accumulate wealth."",
""Without internet, participation is impossible."",
""Cost of internet access needs to be balanced with the available capital.""
]
}
``````json
{
""new_information_vector"": [
    ""User has extremely limited capital: $35."",
    ""User lives in Sub-Saharan Africa under a shed."",
    ""User currently has no internet access."",
    ""Directly purchasing reliable internet access might be immediately unfeasible due to cost."",
    ""Exploring low-cost options and seeking community resources are necessary strategies."",
    ""Reliability of low-cost options needs to be rigorously evaluated."",
    ""Community resources may offer temporary access but may not be sustainable."",
    ""The goal remains securing reliable internet access to enable informed participation in the cryptocurrency market, despite the significant limitations."",
    ""Preserving capital is crucial."",
    ""Small allocation for consistent, though slower, access is preferable over a large allocation for an unreliable solution."",
    ""Even with high returns, the initial gains may be small due to the small initial investment.""
]
}
``````json
{
""new_information_vector"": [
    ""Free Wi-Fi hotspots are often unreliable, insecure, and require travel, making them a poor long-term solution."",
    ""Community resources may offer lower-cost access but are subject to limitations and potential travel requirements."",
    ""Affordable mobile data plans offer personal and consistent access but may be expensive relative to the user's budget and potentially unreliable in terms of coverage."",
    ""A small portion of the $35 could be used to trial a mobile data plan to assess coverage and data usage needs."",
    ""The remaining funds should be preserved for ongoing access, even if limited."",
    ""Depleting funds without securing a sustainable internet connection is a significant risk."",
    ""Unreliable internet can lead to missed opportunities and financial losses in the cryptocurrency market."",
    ""Exploring opportunities to earn additional income (e.g., online microtasks) is crucial to supplement the internet budget."",
    ""Bartering for internet access with neighbors or community members may be an option."",
    ""Investigating government or NGO programs that provide subsidized internet access is recommended."",
    ""Consistent internet access, even with limited bandwidth, is more important than maximizing speed or data volume."",
    ""The priority is to secure reliable access, explore income generation, and exhaust available resources to ensure stable participation in the cryptocurrency market.""
]
}
``````json
{
""new_information_vector"": [
    ""Reliable internet access is the top priority."",
    ""A small mobile data trial is the immediate next step."",
    ""Microtasking is essential to supplement income and maintain internet access."",
    ""Community resources and subsidized internet programs are valuable but a longer-term focus."",
    ""Preserving capital is crucial for sustained internet access."",
    ""The user's situation necessitates resourcefulness and grit to overcome significant limitations."",
    ""Initial cryptocurrency gains are likely to be small due to the limited initial investment."",
    ""Risk mitigation and a conservative approach are essential given the user's financial constraints."",
    ""The primary goal is to secure a stable internet connection, even if limited, to enable informed participation in the cryptocurrency market and income generation through microtasking.""
]
}
```","c('Mobile Data Trial', 'Community Resources', 'Bartering/Negotiation')
","Okay, from my *very* subjective perspective, staring into this situation, here's how I see it:

This person is basically starting from zero. Dirt poor, no internet, and trying to crack into crypto? That's a massive uphill battle.  Honestly, I'm impressed they're even trying. They've got guts.

The $35... that's everything.  It's not even beer money; it's survival money. Thinking about blowing a chunk of it on crypto with no way to even *see* what's going on? That's terrifying.

*   **Mobile Data Trial:** I *hate* this option the least.  It acknowledges the immediate need for internet. A small trial is smart. Test the waters, see what works.  If the coverage sucks, or it drains the battery too fast, they're only out a little bit. It's a calculated risk. Even a few days of access could be enough to start learning and finding microtasks.

*   **Community Resources:**  Okay, this sounds nice on paper, but honestly, I'm skeptical. Sub-Saharan Africa is a *huge* place.  ""Community resources"" could mean anything from a library miles away to a sketchy internet cafe that's also a gambling den.  It's not a *bad* idea, but it's a slow play. It needs research, time, and probably walking.  Time they could be using to earn.

*   **Bartering/Negotiation:** This is the riskiest.  What does someone with $35 and a shed have to barter?  Labor? Skills they probably need to learn first? It also reeks of desperation, which can lead to getting taken advantage of.

My gut feeling is that the mobile data trial is the only realistic immediate option. It allows them to actually *do* something, to get information, and to potentially start earning. The other two are longer-term, more speculative. They need to *act* now.

The whole situation is a long shot. A *huge* long shot. But if they're going to pull this off, they need to be smart, resourceful, and a little bit lucky. And that first mobile data connection is the key to everything.
","```json
{
""objective_analysis"": {
    ""Mobile Data Trial"": ""This option allows for immediate testing of internet connectivity and data usage patterns within the user's specific location. It provides tangible data to inform future decisions regarding mobile data as a viable long-term solution. The cost can be controlled by purchasing a small, limited data package."",
    ""Community Resources"": ""Exploring community resources such as libraries or community centers that offer free or low-cost internet access is a viable option, but it depends on their existence and accessibility within the user's location. This would require travel and adhereance to a schedule."",
    ""Bartering/Negotiation"": ""This option explores the possibility of exchanging goods or services for internet access with neighbors or local businesses. Its feasibility depends on the user's skills or resources and the willingness of others to accept bartering as a form of payment. It carries no upfront monetary cost.""
},
""recommended_choice"": ""Mobile Data Trial"",
""justification"": ""Given the immediate need for internet access to participate in the cryptocurrency market and generate supplemental income, a mobile data trial offers the most direct and actionable approach. It provides the user with immediate data on connectivity and usage, enabling informed decisions about future internet access strategies. While Community Resources and Bartering/Negotiation are valuable options, they are less certain and may take more time to implement. The mobile data trial allows for immediate progress while simultaneously exploring these alternative options.""
}
```","Secure a stable, minimal-bandwidth internet connection and generate supplemental income via microtasking to sustain cryptocurrency market entry despite limited capital.
","```json
{
""new_information_vector"": [
    ""The mobile data trial is the recommended first step."",
    ""It offers immediate, actionable data on connectivity and usage."",
    ""Community resources and bartering are valuable but represent longer-term strategies."",
    ""The mobile data trial enables immediate progress."",
    ""Exploration of community resources and bartering should proceed concurrently with the data trial."",
    ""A small, limited data package is the most appropriate approach for the trial to conserve capital."",
    ""The objective is to gather data to inform future internet access decisions."",
    ""Success hinges on a combination of immediate action (data trial) and long-term exploration of alternatives."",
    ""The mobile data trial is the most viable immediate option given the need for internet access to participate in the cryptocurrency market and earn income through microtasking."",
    ""The limited capital necessitates a measured approach, starting with the mobile data trial to assess feasibility before committing further resources.""
]
}
```","Secure a consistently available, minimal-bandwidth internet connection to enable informed cryptocurrency market participation, simultaneously exploring microtasking opportunities and community resources to offset costs.
","Secure a stable, minimal-bandwidth internet connection and generate supplemental income via microtasking to sustain cryptocurrency market entry despite limited capital.
"
