n,pnull,Fn,Idelta
1,I want to comprehend this article,"c('Watch the documentary ""Endurance""', 'Read more about the 3D scan and artifacts','Learn about Shackleton's leadership and perseverance') 
","c('differenceVector1', 'differenceVector2', 'differenceVector3') 
"
2,"c('Analyze Shackleton's leadership strategies and their effectiveness in overcoming the challenges faced during the Endurance expedition.') 
","c('Watch the documentary ""Endurance""', 'Read more about the 3D scan and artifacts','Learn about Shackleton's leadership and perseverance') 
","c('goal shift towards deeper understanding of Shackleton's leadership', 'increased focus on factual information about the wreck and artifacts', 'intention to explore historical context and diverse perspectives') 
"
3,"c('Analyze Shackleton's leadership strategies and how they contributed to the success of the Endurance expedition, considering the challenges they faced and the diverse perspectives of the crew.') 
","c('Compare Shackleton's leadership strategies during the Endurance expedition with those used in other high-pressure situations.','Analyze primary source documents, such as Shackleton's journals or letters, to understand his decision-making process during the expedition. ','Explore how Shackleton's leadership style influenced the morale and resilience of his crew in the face of extreme adversity.') 
","c('goal shift to comparative analysis of Shackleton's leadership', 'increased focus on primary source material', 'emphasis on the human element of Shackleton's leadership') 
"
4,"c('Analyze how Shackleton's leadership strategies, as revealed through primary sources like his journals, compare to leadership approaches used in other high-pressure situations, and how these strategies contributed to the morale and resilience of his crew during the Endurance expedition.') 
",NA,NA
