iteration,original_goal,adjusted_goal,information_vector,choices_for_step,subjective_feedback,objective_feedback,choice_chosen,new_information_vector,new_goal
1,I want to get a job in machine learning,N/A yet,I am a full stack engineer for 6 years,"c('Transferable skills', 'Networking', 'Resume revamp', 'Learn ML', 'Get mentorship', 'Focus on ML problems')","It's great to chat with you! I've taken a look at your original goal and information vector. It seems you're a full stack engineer with 6 years of experience, and you're interested in transitioning into a machine learning role. That's an exciting career goal!

Based on your choice vector, it looks like you're interested in a few specific areas to help you achieve your goal. Let's break them down:

1. Transferable skills: I can see that you're looking to highlight your existing skills that are relevant to machine learning. From my knowledge base, I can tell you that as a full stack engineer, you likely have experience with programming languages like Python, JavaScript, or Java. You may also have experience with data structures, algorithms, and software development methodologies. These skills can be valuable in machine learning, especially when it comes to working with datasets, building models, and deploying them.

2. Networking: Ah, networking is a crucial aspect of any career transition! As a machine learning enthusiast, you'll want to connect with professionals in the field to learn more about their experiences, get tips on the job market, and potentially find job opportunities. I recommend attending machine learning conferences, joining online communities like Kaggle or Reddit's Machine Learning community, or even taking online courses to meet like-minded individuals.

3. Resume revamp: A well-crafted resume can help you stand out in a competitive job market. I can provide you with some tips on how to highlight your relevant skills, experience, and education. As a full stack engineer, you may want to emphasize your problem-solving skills, experience with data analysis, and any relevant projects or hackathons you've participated in.

4. Learn ML: This is a great goal! Machine learning is a vast and complex field, but you can start by exploring popular libraries like TensorFlow, PyTorch, or Scikit-learn. You can also take online courses on platforms like Coursera, edX, or Udemy. Some popular courses for beginners include Andrew Ng's Machine Learning course or Stanford University's Natural Language Processing course.

5. Get mentorship: Having a mentor can provide valuable guidance and support throughout your career transition. You can reach out to professionals in the machine learning field and ask if they'd be willing to mentor you. You can also attend meetups and conferences to network with potential mentors.

6. Focus on ML problems: As you start learning machine learning, you'll want to practice by working on projects that tackle real-world problems. You can explore datasets from Kaggle, UCI Machine Learning Repository, or even create your own datasets for practice.

What do you think? Are there any specific areas you'd like to focus on, or any questions you have about getting started with machine learning?","I'm excited to chat with you! With your background as a full stack engineer for 6 years, I can see that you have a solid foundation to build upon.

As we discuss your goal of getting a job in machine learning, I want to highlight that having transferable skills from your previous work experience can be a significant advantage. As a full stack engineer, you likely have experience with programming languages like Python, JavaScript, or Java, which are also commonly used in machine learning. You might also have experience with databases, data structures, and software development life cycles, which can be valuable in an ML role.

Let's prioritize the Choice Vector you provided. Which area would you like to focus on first?

A) Transferable skills: Highlighting your existing skills to show how they can be applied to machine learning.
B) Networking: Building connections in the industry and attending relevant events to learn more about the job market and potential opportunities.
C) Resume revamp: Tailoring your resume to emphasize your relevant experience and skills for machine learning roles.
D) Learn ML: Investing time in learning the fundamentals of machine learning, including popular libraries and frameworks like TensorFlow, PyTorch, or Scikit-Learn.
E) Get mentorship: Finding a mentor who can guide you through the process of transitioning to a machine learning role and provide valuable insights.
F) Focus on ML problems: Practicing solving real-world machine learning problems to demonstrate your skills and build a portfolio.

Which option do you choose, or would you like to combine a few?","c('A', 'Transferable skills')","Let's summarize the new information from our conversation:

You're a full stack engineer with 6 years of experience, looking to transition into a machine learning role. You've identified transferable skills from your previous experience, such as programming languages, data structures, and software development methodologies, which can be valuable in machine learning.",c('Analyze transferable skills and identify specific skills to highlight in a machine learning context')
2,I want to get a job in machine learning,c('Analyze transferable skills and identify specific skills to highlight in a machine learning context'),"I am a full stack engineer for 6 yearsLet's summarize the new information from our conversation:

You're a full stack engineer with 6 years of experience, looking to transition into a machine learning role. You've identified transferable skills from your previous experience, such as programming languages, data structures, and software development methodologies, which can be valuable in machine learning.","Based on the new information, here are some potential next steps and career paths:

c('Explore machine learning libraries and frameworks such as TensorFlow, PyTorch, and Keras', 'Take online courses or certifications to learn machine learning fundamentals', 'Highlight transferable skills on your resume and LinkedIn profile', 'Network with machine learning professionals to learn about their experiences and gain insights', 'Consider taking on machine learning projects or contributing to open-source projects to build your portfolio')","Exciting times ahead! As a full stack engineer with 6 years of experience, you're already equipped with a solid foundation in programming languages, data structures, and software development methodologies. These skills will undoubtedly serve as a great stepping stone for your transition into machine learning.

Let's focus on the next steps. I'm going to summarize the potential next steps and career paths for you:

1. **Explore machine learning libraries and frameworks**: Jump into the world of TensorFlow, PyTorch, and Keras! Familiarize yourself with these popular libraries and frameworks. You can start by reading documentation, taking online courses, or even contributing to projects that utilize these libraries.
2. **Take online courses or certifications to learn machine learning fundamentals**: To bridge the gap between your current expertise and machine learning, take online courses or certifications that cover the basics of machine learning, such as linear algebra, statistics, and data analysis.
3. **Highlight transferable skills on your resume and LinkedIn profile**: Showcase your existing skills, such as programming languages, data structures, and software development methodologies, on your resume and LinkedIn profile. This will help you stand out to potential employers and demonstrate your potential for success in machine learning.
4. **Network with machine learning professionals to learn about their experiences and gain insights**: Connect with professionals in the machine learning space and ask about their journeys. Learn about their experiences, challenges, and advice for someone looking to transition. You can attend conferences, join online communities, or participate in webinars to expand your network.
5. **Consider taking on machine learning projects or contributing to open-source projects to build your portfolio**: Apply your new machine learning skills by taking on projects or contributing to open-source projects. This will help you build a portfolio that showcases your skills and can be shared with potential employers.

These steps will help you gain a solid foundation in machine learning and increase your chances of landing a job in the field. Remember, it's all about building your skills, network, and portfolio!

What would you like to focus on first?","Exciting! With your background as a full stack engineer, you're definitely off to a great start in transitioning into machine learning. I'd be happy to help you brainstorm some potential next steps and career paths.

Based on your experience and skills, I think it's essential to explore machine learning libraries and frameworks, such as TensorFlow, PyTorch, and Keras. This will help you understand the basics of deep learning and get familiar with the tools and technologies used in the field.

Additionally, considering you're already proficient in programming languages, data structures, and software development methodologies, taking online courses or certifications to learn machine learning fundamentals is a great idea. This will fill in any gaps in your knowledge and give you a solid foundation to build upon.

I also agree that highlighting your transferable skills on your resume and LinkedIn profile is crucial. Showcase the programming languages, data structures, and software development methodologies you're proficient in, and be prepared to explain how these skills can be applied to machine learning roles.

Networking with machine learning professionals is also crucial. Reach out to people in the field, attend conferences or meetups, and engage in online communities to learn about their experiences and gain insights. This will help you understand the industry better and stay updated on the latest trends and developments.

Lastly, considering taking on machine learning projects or contributing to open-source projects is an excellent way to build your portfolio and demonstrate your skills to potential employers.

What do you think about these suggestions? Is there anything specific you'd like to focus on or any particular areas you're interested in exploring further?","c('Explore machine learning libraries and frameworks such as TensorFlow, PyTorch, and Keras')","You've decided to focus on exploring machine learning libraries and frameworks such as TensorFlow, PyTorch, and Keras. This is a great starting point! By familiarizing yourself with these popular libraries and frameworks, you'll gain a deeper understanding of the tools and technologies used in the machine learning field.","c('Learn the basics of TensorFlow, PyTorch, and Keras')"
3,I want to get a job in machine learning,"c('Learn the basics of TensorFlow, PyTorch, and Keras')","I am a full stack engineer for 6 yearsLet's summarize the new information from our conversation:

You're a full stack engineer with 6 years of experience, looking to transition into a machine learning role. You've identified transferable skills from your previous experience, such as programming languages, data structures, and software development methodologies, which can be valuable in machine learning.You've decided to focus on exploring machine learning libraries and frameworks such as TensorFlow, PyTorch, and Keras. This is a great starting point! By familiarizing yourself with these popular libraries and frameworks, you'll gain a deeper understanding of the tools and technologies used in the machine learning field.","c('Here is a summary of the information we have discussed so far:', 'Your background as a full stack engineer will help you in machine learning, as you have experience with programming languages, data structures, and software development methodologies.', 'You are currently exploring machine learning libraries and frameworks like TensorFlow, PyTorch, and Keras to gain a deeper understanding of the tools and technologies used in the field.', 'This is a great starting point for your transition into a machine learning role.')","What a great start! I'm happy to see you're enthusiastic about exploring machine learning libraries and frameworks.

Before we proceed, I'd like to highlight some potential next steps. Since you're already familiar with programming languages, data structures, and software development methodologies, you can start by focusing on the technical aspects of machine learning. This means diving deeper into the mechanics of TensorFlow, PyTorch, and Keras.

Here are some suggested next steps:

1. Take online courses or watch tutorials on machine learning libraries and frameworks. This will help you gain hands-on experience and a better understanding of how to apply them to real-world problems.
2. Experiment with machine learning projects using Python, as it's a popular language used in the field. You can start with simpler projects, such as image classification or regression analysis, and gradually move on to more complex tasks.
3. Join online communities, forums, or social media groups focused on machine learning. This will give you access to a vast network of professionals and enthusiasts who can offer valuable insights, advice, and resources.
4. Consider taking a machine learning-based certification course or exam to demonstrate your skills and commitment to the field.

Remember, transitioning to a new field takes time and effort. However, with persistence and dedication, you can build a strong foundation in machine learning and increase your chances of success in your desired role.

How do these suggestions sound to you? Are there any specific aspects of machine learning you'd like to focus on next?","I'm glad I could summarize the information accurately! It's great to know that your background as a full stack engineer will serve as a solid foundation for your transition into machine learning. Your experience with programming languages, data structures, and software development methodologies will definitely be valuable in this new field.

I'm also excited to see that you're taking the initiative to explore machine learning libraries and frameworks like TensorFlow, PyTorch, and Keras. This is a fantastic way to gain a deeper understanding of the tools and technologies used in machine learning. As you dive deeper into these frameworks, you'll likely find that your familiarity with programming languages and software development methodologies will help you adapt to the machine learning ecosystem even more quickly.

What specific aspects of machine learning are you most interested in or curious about? Are there any particular applications or industries that you're drawn to? I'd be happy to help you brainstorm and provide any guidance or resources that might be helpful as you continue on this new path!",insertyourchoicehere,"Let's summarize the new information from our conversation:

You've decided to focus on exploring machine learning libraries and frameworks, and you're excited to dive deeper into TensorFlow, PyTorch, and Keras. You're also considering taking online courses or watching tutorials to gain hands-on experience and a better understanding of how to apply these libraries to real-world problems. Additionally, you're thinking about experimenting with machine learning projects using Python, joining online communities, and potentially taking a certification course to demonstrate your skills and commitment to the field.",c('Get hands-on experience with machine learning projects using Python by starting with simpler projects such as image classification or regression analysis and gradually moving on to more complex tasks.')
4,I want to get a job in machine learning,c('Get hands-on experience with machine learning projects using Python by starting with simpler projects such as image classification or regression analysis and gradually moving on to more complex tasks.'),"I am a full stack engineer for 6 yearsLet's summarize the new information from our conversation:

You're a full stack engineer with 6 years of experience, looking to transition into a machine learning role. You've identified transferable skills from your previous experience, such as programming languages, data structures, and software development methodologies, which can be valuable in machine learning.You've decided to focus on exploring machine learning libraries and frameworks such as TensorFlow, PyTorch, and Keras. This is a great starting point! By familiarizing yourself with these popular libraries and frameworks, you'll gain a deeper understanding of the tools and technologies used in the machine learning field.Let's summarize the new information from our conversation:

You've decided to focus on exploring machine learning libraries and frameworks, and you're excited to dive deeper into TensorFlow, PyTorch, and Keras. You're also considering taking online courses or watching tutorials to gain hands-on experience and a better understanding of how to apply these libraries to real-world problems. Additionally, you're thinking about experimenting with machine learning projects using Python, joining online communities, and potentially taking a certification course to demonstrate your skills and commitment to the field.","Based on the new information, I would recommend the following options for you to consider:

c('Focus on building projects using Python and popular machine learning libraries such as TensorFlow, PyTorch, and Keras', 'Take online courses or watch tutorials to gain hands-on experience', 'Join online communities and participate in discussions to stay updated with the latest developments', 'Consider taking a certification course to demonstrate your skills and commitment', 'Use your full stack engineering experience to identify potential applications of machine learning in your previous field')","It's great to see you're excited about exploring machine learning libraries and frameworks! Based on our conversation, I completely agree with your choices. Here's a brief analysis of each option:

1. Focus on building projects using Python and popular machine learning libraries such as TensorFlow, PyTorch, and Keras: I think this is an excellent choice. By building projects, you'll gain hands-on experience and develop a deeper understanding of how to apply these libraries to real-world problems. You can start with simple projects and gradually move on to more complex ones.

2. Take online courses or watch tutorials to gain hands-on experience: Another excellent choice! Online courses and tutorials can provide a structured learning environment, and many of them offer hands-on exercises and projects. This will help you fill any gaps in your knowledge and provide a solid foundation for your machine learning journey.

3. Join online communities and participate in discussions to stay updated with the latest developments: This is a great way to stay informed about the latest advancements in machine learning. Online communities like Kaggle, Reddit's Machine Learning community, and others are fantastic resources for learning and networking.

4. Consider taking a certification course to demonstrate your skills and commitment: While not mandatory, a certification can be a great way to demonstrate your skills and commitment to machine learning. Many certification courses also provide a structured learning environment and feedback from industry experts.

5. Use your full stack engineering experience to identify potential applications of machine learning in your previous field: Ah, this is a brilliant idea! As a full stack engineer, you have a unique perspective and set of skills that can be applied to machine learning. By identifying potential applications of machine learning in your previous field, you can create a niche for yourself and create value by applying machine learning to problems you're already familiar with.

I think all of these options are excellent choices, and I encourage you to explore each one. Remember, machine learning is a diverse and constantly evolving field, so it's essential to stay curious, keep learning, and adapt to new developments. Good luck on your journey!","It's great to summarize our conversation and identify the next steps for your goal of transitioning into machine learning!

Based on the new information, I completely agree with the choice vector you've provided. Those options are all great ways to further your knowledge and skills in machine learning.

In particular, I think focusing on building projects using Python and popular machine learning libraries such as TensorFlow, PyTorch, and Keras is a fantastic idea. By working on practical projects, you'll be able to apply what you've learned and gain hands-on experience. This will also help you build a portfolio of projects to showcase your skills to potential employers.

Taking online courses or watching tutorials is also a great way to gain a deeper understanding of the tools and technologies used in machine learning. This will help you stay up-to-date with the latest developments and best practices in the field.

Joining online communities and participating in discussions is another great way to stay engaged and learn from others who are also working in machine learning. This will also give you a chance to ask questions and get feedback on your projects.

Finally, considering taking a certification course is a great way to demonstrate your skills and commitment to the field. While it's not necessary, it can be a valuable way to showcase your expertise and stand out in a competitive job market.

I think you've got a solid plan in place, and I'm excited to see how you progress in your machine learning journey!","c(Focus on building projects using Python and popular machine learning libraries such as TensorFlow, PyTorch, and Keras)","Let's summarize the new information from our conversation:

You've decided to focus on exploring machine learning libraries and frameworks, specifically TensorFlow, PyTorch, and Keras. You're also considering taking online courses or watching tutorials, joining online communities, and potentially taking a certification course to gain hands-on experience and a deeper understanding of machine learning concepts.","c('adjustedgoal: Focus on building projects using Python and popular machine learning libraries such as TensorFlow, PyTorch, and Keras to gain hands-on experience and develop a deeper understanding of how to apply these libraries to real-world problems')"
5,I want to get a job in machine learning,"c('adjustedgoal: Focus on building projects using Python and popular machine learning libraries such as TensorFlow, PyTorch, and Keras to gain hands-on experience and develop a deeper understanding of how to apply these libraries to real-world problems')","I am a full stack engineer for 6 yearsLet's summarize the new information from our conversation:

You're a full stack engineer with 6 years of experience, looking to transition into a machine learning role. You've identified transferable skills from your previous experience, such as programming languages, data structures, and software development methodologies, which can be valuable in machine learning.You've decided to focus on exploring machine learning libraries and frameworks such as TensorFlow, PyTorch, and Keras. This is a great starting point! By familiarizing yourself with these popular libraries and frameworks, you'll gain a deeper understanding of the tools and technologies used in the machine learning field.Let's summarize the new information from our conversation:

You've decided to focus on exploring machine learning libraries and frameworks, and you're excited to dive deeper into TensorFlow, PyTorch, and Keras. You're also considering taking online courses or watching tutorials to gain hands-on experience and a better understanding of how to apply these libraries to real-world problems. Additionally, you're thinking about experimenting with machine learning projects using Python, joining online communities, and potentially taking a certification course to demonstrate your skills and commitment to the field.Let's summarize the new information from our conversation:

You've decided to focus on exploring machine learning libraries and frameworks, specifically TensorFlow, PyTorch, and Keras. You're also considering taking online courses or watching tutorials, joining online communities, and potentially taking a certification course to gain hands-on experience and a deeper understanding of machine learning concepts.","Based on the information, I've analyzed the options and provided a vector of choices for you. Here it is:

c('Explore TensorFlow, PyTorch, and Keras', 'Take online courses or watch tutorials', 'Join online communities', 'Consider taking a certification course', 'Start experimenting with machine learning projects using Python')","What a great starting point! I'm excited to help you transition into a machine learning role.

Now that we've outlined your goals and objectives, let's dive into the choice vector you've presented. Based on your previous experience as a full stack engineer, I think it's brilliant that you're considering exploring machine learning libraries and frameworks, specifically TensorFlow, PyTorch, and Keras.

Here's my analysis:

1. **Explore TensorFlow, PyTorch, and Keras**: This is an excellent choice! By getting familiar with these popular libraries and frameworks, you'll gain a deeper understanding of the tools and technologies used in the machine learning field. I would recommend starting with TensorFlow, as it's widely used in industry and has a vast community of developers and researchers.
2. **Take online courses or watch tutorials**: This is a great way to gain hands-on experience and a better understanding of how to apply these libraries to real-world problems. I would suggest platforms like Coursera, edX, or Udemy, which offer a wide range of machine learning courses.
3. **Join online communities**: Joining online communities like Kaggle, Reddit's r/MachineLearning, or GitHub can help you connect with other machine learning enthusiasts, learn from their experiences, and get feedback on your projects.
4. **Consider taking a certification course**: While certifications are not always necessary, they can be beneficial in demonstrating your skills and commitment to the field. I would recommend courses like the Certified Data Scientist or Certified Machine Learning Engineer offered by Data Science Council of America (DASCA) or the International Association for Machine Learning and Artificial Intelligence (IAMAI).
5. **Start experimenting with machine learning projects using Python**: This is a fantastic way to apply what you've learned and gain practical experience. I would suggest starting with simple projects, such as image classification or text analysis, and gradually moving on to more complex tasks.

Based on your goals and objectives, I would recommend exploring TensorFlow, PyTorch, and Keras, taking online courses or watching tutorials, and joining online communities as your top priorities. These choices will help you gain a solid foundation in machine learning and set you up for success in your transition.

What do you think? Do you have any questions or concerns about these choices?","Exciting times ahead! I've taken note of our conversation and summarized it nicely. I particularly liked how we highlighted the transferable skills you've gained as a full-stack engineer and how you can leverage those skills to transition into machine learning.

Now, regarding your choice vector, I love the diversity of options you've presented! Let me provide some additional context to help you refine your exploration.

* Exploring TensorFlow, PyTorch, and Keras: This is a fantastic starting point! By diving deeper into these popular libraries and frameworks, you'll gain hands-on experience and a deeper understanding of the tools and technologies used in machine learning.
* Taking online courses or watching tutorials: This is an excellent way to supplement your learning, especially if you're new to machine learning. Online courses or tutorials can provide structured guidance and help you stay on track.
* Joining online communities: Connecting with others who share similar interests can be incredibly valuable in your machine learning journey. Online communities can offer valuable resources, feedback, and support from peers and experienced professionals.
* Considering a certification course: While I'm not an expert in certification courses, I can suggest that having a recognized certification in machine learning can be an asset when applying for jobs or demonstrating your skills to potential clients.

Given your background as a full-stack engineer, I'm curious to know: Have you started exploring any specific machine learning projects or ideas using Python?","c('Explore TensorFlow, PyTorch, and Keras')","Based on our conversation, you've decided to focus on exploring machine learning libraries and frameworks, specifically TensorFlow, PyTorch, and Keras. You're excited to dive deeper into these popular libraries and frameworks to gain a deeper understanding of the tools and technologies used in the machine learning field.","c('Develop a machine learning project using TensorFlow, PyTorch, or Keras')"
6,I want to get a job in machine learning,"c('Develop a machine learning project using TensorFlow, PyTorch, or Keras')","I am a full stack engineer for 6 yearsLet's summarize the new information from our conversation:

You're a full stack engineer with 6 years of experience, looking to transition into a machine learning role. You've identified transferable skills from your previous experience, such as programming languages, data structures, and software development methodologies, which can be valuable in machine learning.You've decided to focus on exploring machine learning libraries and frameworks such as TensorFlow, PyTorch, and Keras. This is a great starting point! By familiarizing yourself with these popular libraries and frameworks, you'll gain a deeper understanding of the tools and technologies used in the machine learning field.Let's summarize the new information from our conversation:

You've decided to focus on exploring machine learning libraries and frameworks, and you're excited to dive deeper into TensorFlow, PyTorch, and Keras. You're also considering taking online courses or watching tutorials to gain hands-on experience and a better understanding of how to apply these libraries to real-world problems. Additionally, you're thinking about experimenting with machine learning projects using Python, joining online communities, and potentially taking a certification course to demonstrate your skills and commitment to the field.Let's summarize the new information from our conversation:

You've decided to focus on exploring machine learning libraries and frameworks, specifically TensorFlow, PyTorch, and Keras. You're also considering taking online courses or watching tutorials, joining online communities, and potentially taking a certification course to gain hands-on experience and a deeper understanding of machine learning concepts.Based on our conversation, you've decided to focus on exploring machine learning libraries and frameworks, specifically TensorFlow, PyTorch, and Keras. You're excited to dive deeper into these popular libraries and frameworks to gain a deeper understanding of the tools and technologies used in the machine learning field.",NA,NA,NA,NA,NA,NA
